"filename", "language", "Makefile", "C", "C++", "Ini", "CMake", "Markdown", "comment", "blank", "total"
"m:\test\ESDBox_IPGUI\Include\ipgui_coord.h", "C", 0, 29, 0, 0, 0, 0, 1, 7, 37
"m:\test\ESDBox_IPGUI\Include\ipgui_defs.h", "C", 0, 38, 0, 0, 0, 0, 7, 16, 61
"m:\test\ESDBox_IPGUI\Include\ipgui_types.h", "C", 0, 63, 0, 0, 0, 0, 4, 16, 83
"m:\test\ESDBox_IPGUI\Include\ipgui_utils.h", "C", 0, 106, 0, 0, 0, 0, 32, 35, 173
"m:\test\ESDBox_IPGUI\al\hal\input\ipgui_input_dispatcher.c", "C", 0, 227, 0, 0, 0, 0, 46, 54, 327
"m:\test\ESDBox_IPGUI\al\hal\input\ipgui_input_dispatcher.h", "C", 0, 56, 0, 0, 0, 0, 8, 15, 79
"m:\test\ESDBox_IPGUI\al\hal\input\ipgui_input_src.h", "C++", 0, 0, 14, 0, 0, 0, 2, 6, 22
"m:\test\ESDBox_IPGUI\al\hal\input\ipgui_input_src_event.h", "C++", 0, 0, 28, 0, 0, 0, 2, 11, 41
"m:\test\ESDBox_IPGUI\al\hal\ipgui_screen.c", "C", 0, 37, 0, 0, 0, 0, 2, 10, 49
"m:\test\ESDBox_IPGUI\al\hal\ipgui_screen.h", "C", 0, 35, 0, 0, 0, 0, 19, 10, 64
"m:\test\ESDBox_IPGUI\al\vfs\ipgui_vfs.c", "C", 0, 369, 0, 0, 0, 0, 83, 71, 523
"m:\test\ESDBox_IPGUI\al\vfs\ipgui_vfs.h", "C", 0, 81, 0, 0, 0, 0, 2, 23, 106
"m:\test\ESDBox_IPGUI\base\Makefile", "Makefile", 58, 0, 0, 0, 0, 0, 15, 29, 102
"m:\test\ESDBox_IPGUI\base\inc\cache\ipgui_lru.h", "C++", 0, 0, 5, 0, 0, 0, 0, 3, 8
"m:\test\ESDBox_IPGUI\base\inc\ipgui_avl.h", "C", 0, 49, 0, 0, 0, 0, 0, 12, 61
"m:\test\ESDBox_IPGUI\base\inc\ipgui_darray.h", "C", 0, 31, 0, 0, 0, 0, 0, 26, 57
"m:\test\ESDBox_IPGUI\base\inc\ipgui_debug.h", "C", 0, 19, 0, 0, 0, 0, 0, 9, 28
"m:\test\ESDBox_IPGUI\base\inc\ipgui_math.h", "C", 0, 11, 0, 0, 0, 0, 0, 1, 12
"m:\test\ESDBox_IPGUI\base\inc\ipgui_membox.h", "C", 0, 25, 0, 0, 0, 0, 0, 6, 31
"m:\test\ESDBox_IPGUI\base\inc\ipgui_memory.h", "C", 0, 64, 0, 0, 0, 0, 3, 29, 96
"m:\test\ESDBox_IPGUI\base\inc\ipgui_mempool.h", "C", 0, 34, 0, 0, 0, 0, 0, 10, 44
"m:\test\ESDBox_IPGUI\base\inc\ipgui_norm_queue.h", "C++", 0, 0, 16, 0, 0, 0, 0, 6, 22
"m:\test\ESDBox_IPGUI\base\inc\ipgui_queue.h", "C++", 0, 0, 44, 0, 0, 0, 2, 15, 61
"m:\test\ESDBox_IPGUI\base\inc\ipgui_time.h", "C", 0, 13, 0, 0, 0, 0, 0, 9, 22
"m:\test\ESDBox_IPGUI\base\inc\ipgui_timer.h", "C", 0, 59, 0, 0, 0, 0, 1, 10, 70
"m:\test\ESDBox_IPGUI\base\inc\ipgui_vector.h", "C", 0, 15, 0, 0, 0, 0, 0, 10, 25
"m:\test\ESDBox_IPGUI\base\src\cache\ipgui_lru.c", "C", 0, 7, 0, 0, 0, 0, 0, 4, 11
"m:\test\ESDBox_IPGUI\base\src\ipgui_avl.c", "C", 0, 360, 0, 0, 0, 0, 67, 32, 459
"m:\test\ESDBox_IPGUI\base\src\ipgui_darray.c", "C", 0, 145, 0, 0, 0, 0, 37, 24, 206
"m:\test\ESDBox_IPGUI\base\src\ipgui_debug.c", "C", 0, 213, 0, 0, 0, 0, 31, 23, 267
"m:\test\ESDBox_IPGUI\base\src\ipgui_list.h", "C", 0, 16, 0, 0, 0, 0, 402, 48, 466
"m:\test\ESDBox_IPGUI\base\src\ipgui_math.c", "C", 0, 168, 0, 0, 0, 0, 20, 20, 208
"m:\test\ESDBox_IPGUI\base\src\ipgui_membox.c", "C", 0, 61, 0, 0, 0, 0, 30, 21, 112
"m:\test\ESDBox_IPGUI\base\src\ipgui_memory.c", "C", 0, 376, 0, 0, 0, 0, 78, 94, 548
"m:\test\ESDBox_IPGUI\base\src\ipgui_mempool.c", "C", 0, 299, 0, 0, 0, 0, 61, 72, 432
"m:\test\ESDBox_IPGUI\base\src\ipgui_norm_queue.c", "C", 0, 61, 0, 0, 0, 0, 15, 17, 93
"m:\test\ESDBox_IPGUI\base\src\ipgui_queue.c", "C", 0, 255, 0, 0, 0, 0, 40, 65, 360
"m:\test\ESDBox_IPGUI\base\src\ipgui_time.c", "C", 0, 41, 0, 0, 0, 0, 24, 12, 77
"m:\test\ESDBox_IPGUI\base\src\ipgui_timer.c", "C", 0, 276, 0, 0, 0, 0, 49, 60, 385
"m:\test\ESDBox_IPGUI\base\src\ipgui_utils.c", "C", 0, 306, 0, 0, 0, 0, 61, 34, 401
"m:\test\ESDBox_IPGUI\base\src\ipgui_vector.c", "C", 0, 197, 0, 0, 0, 0, 18, 31, 246
"m:\test\ESDBox_IPGUI\charset\ipgui_charset.c", "C", 0, 0, 0, 0, 0, 0, 119, 10, 129
"m:\test\ESDBox_IPGUI\charset\ipgui_charset.h", "C++", 0, 0, 10, 0, 0, 0, 0, 5, 15
"m:\test\ESDBox_IPGUI\charset\ipgui_map_utf8_gbk.h", "C++", 0, 0, 20909, 0, 0, 0, 1, 1, 20911
"m:\test\ESDBox_IPGUI\core\composite\blend_color\ipgui_blend_color.c", "C", 0, 578, 0, 0, 0, 0, 101, 118, 797
"m:\test\ESDBox_IPGUI\core\composite\blend_color\ipgui_blend_color.h", "C++", 0, 0, 32, 0, 0, 0, 0, 9, 41
"m:\test\ESDBox_IPGUI\core\composite\blend_gradient\ipgui_blend_gradient_color.c", "C", 0, 223, 0, 0, 0, 0, 13, 43, 279
"m:\test\ESDBox_IPGUI\core\composite\blend_gradient\ipgui_blend_gradient_color.h", "C++", 0, 0, 37, 0, 0, 0, 0, 7, 44
"m:\test\ESDBox_IPGUI\core\composite\blend_icon\ipgui_blend_icon.c", "C", 0, 0, 0, 0, 0, 0, 0, 1, 1
"m:\test\ESDBox_IPGUI\core\composite\blend_icon\ipgui_blend_icon.h", "C++", 0, 0, 0, 0, 0, 0, 0, 1, 1
"m:\test\ESDBox_IPGUI\core\composite\blend_image\ipgui_blend_image.c", "C", 0, 1896, 0, 0, 0, 0, 60, 118, 2074
"m:\test\ESDBox_IPGUI\core\composite\blend_image\ipgui_blend_image.h", "C++", 0, 0, 51, 0, 0, 0, 29, 20, 100
"m:\test\ESDBox_IPGUI\core\composite\ipgui_blend.c", "C", 0, 50, 0, 0, 0, 0, 0, 1, 51
"m:\test\ESDBox_IPGUI\core\composite\ipgui_blend.h", "C++", 0, 0, 34, 0, 0, 0, 3, 9, 46
"m:\test\ESDBox_IPGUI\core\composite\ipgui_blend_mode.h", "C++", 0, 0, 8, 0, 0, 0, 0, 2, 10
"m:\test\ESDBox_IPGUI\core\composite\ipgui_color.h", "C", 0, 25, 0, 0, 0, 0, 0, 7, 32
"m:\test\ESDBox_IPGUI\core\gfx\ipgui_box_style.h", "C++", 0, 0, 14, 0, 0, 0, 5, 4, 23
"m:\test\ESDBox_IPGUI\core\gfx\ipgui_draw_arc.c", "C", 0, 378, 0, 0, 0, 0, 27, 58, 463
"m:\test\ESDBox_IPGUI\core\gfx\ipgui_draw_arc.h", "C++", 0, 0, 41, 0, 0, 0, 0, 11, 52
"m:\test\ESDBox_IPGUI\core\gfx\ipgui_draw_box_background.c", "C", 0, 199, 0, 0, 0, 0, 26, 35, 260
"m:\test\ESDBox_IPGUI\core\gfx\ipgui_draw_box_background.h", "C++", 0, 0, 23, 0, 0, 0, 3, 8, 34
"m:\test\ESDBox_IPGUI\core\gfx\ipgui_draw_box_border.c", "C", 0, 203, 0, 0, 0, 0, 25, 36, 264
"m:\test\ESDBox_IPGUI\core\gfx\ipgui_draw_box_border.h", "C++", 0, 0, 24, 0, 0, 0, 0, 6, 30
"m:\test\ESDBox_IPGUI\core\gfx\ipgui_draw_box_shadow.c", "C", 0, 103, 0, 0, 0, 0, 324, 59, 486
"m:\test\ESDBox_IPGUI\core\gfx\ipgui_draw_box_shadow.h", "C++", 0, 0, 33, 0, 0, 0, 40, 14, 87
"m:\test\ESDBox_IPGUI\core\gfx\ipgui_draw_builtin_font.c", "C", 0, 148, 0, 0, 0, 0, 19, 31, 198
"m:\test\ESDBox_IPGUI\core\gfx\ipgui_draw_builtin_font.h", "C++", 0, 0, 64, 0, 0, 0, 6, 14, 84
"m:\test\ESDBox_IPGUI\core\gfx\ipgui_draw_icon.c", "C", 0, 0, 0, 0, 0, 0, 0, 1, 1
"m:\test\ESDBox_IPGUI\core\gfx\ipgui_draw_icon.h", "C++", 0, 0, 0, 0, 0, 0, 0, 1, 1
"m:\test\ESDBox_IPGUI\core\gfx\ipgui_draw_image.c", "C", 0, 390, 0, 0, 0, 0, 58, 64, 512
"m:\test\ESDBox_IPGUI\core\gfx\ipgui_draw_image.h", "C++", 0, 0, 21, 0, 0, 0, 4, 6, 31
"m:\test\ESDBox_IPGUI\core\gfx\ipgui_draw_line.c", "C", 0, 436, 0, 0, 0, 0, 21, 62, 519
"m:\test\ESDBox_IPGUI\core\gfx\ipgui_draw_line.h", "C++", 0, 0, 40, 0, 0, 0, 3, 13, 56
"m:\test\ESDBox_IPGUI\core\gfx\ipgui_draw_pixel.c", "C", 0, 34, 0, 0, 0, 0, 2, 8, 44
"m:\test\ESDBox_IPGUI\core\gfx\ipgui_draw_pixel.h", "C++", 0, 0, 20, 0, 0, 0, 0, 5, 25
"m:\test\ESDBox_IPGUI\core\gfx\ipgui_draw_polygon.c", "C", 0, 772, 0, 0, 0, 0, 76, 146, 994
"m:\test\ESDBox_IPGUI\core\gfx\ipgui_draw_polygon.h", "C", 0, 84, 0, 0, 0, 0, 23, 23, 130
"m:\test\ESDBox_IPGUI\core\gfx\ipgui_draw_polygon回退用.c", "C", 0, 0, 0, 0, 0, 0, 757, 118, 875
"m:\test\ESDBox_IPGUI\core\gfx\ipgui_draw_triangle.c", "C", 0, 251, 0, 0, 0, 0, 12, 35, 298
"m:\test\ESDBox_IPGUI\core\gfx\ipgui_draw_triangle.h", "C++", 0, 0, 23, 0, 0, 0, 3, 8, 34
"m:\test\ESDBox_IPGUI\core\gfx\ipgui_edge_halfplane_mask.c", "C", 0, 159, 0, 0, 0, 0, 14, 26, 199
"m:\test\ESDBox_IPGUI\core\gfx\ipgui_edge_halfplane_mask.h", "C++", 0, 0, 53, 0, 0, 0, 2, 16, 71
"m:\test\ESDBox_IPGUI\core\gfx\ipgui_edge_wdf_mask.c", "C", 0, 308, 0, 0, 0, 0, 40, 46, 394
"m:\test\ESDBox_IPGUI\core\gfx\ipgui_edge_wdf_mask.h", "C++", 0, 0, 43, 0, 0, 0, 0, 13, 56
"m:\test\ESDBox_IPGUI\core\gfx\ipgui_gradient_color.c", "C", 0, 497, 0, 0, 0, 0, 54, 79, 630
"m:\test\ESDBox_IPGUI\core\gfx\ipgui_gradient_color.h", "C++", 0, 0, 82, 0, 0, 0, 15, 33, 130
"m:\test\ESDBox_IPGUI\core\gfx\ipgui_image_buf.c", "C", 0, 31, 0, 0, 0, 0, 0, 6, 37
"m:\test\ESDBox_IPGUI\core\gfx\ipgui_image_buf.h", "C++", 0, 0, 6, 0, 0, 0, 2, 4, 12
"m:\test\ESDBox_IPGUI\core\gfx\ipgui_image_mask.c", "C", 0, 0, 0, 0, 0, 0, 0, 1, 1
"m:\test\ESDBox_IPGUI\core\gfx\ipgui_image_mask.h", "C++", 0, 0, 0, 0, 0, 0, 0, 1, 1
"m:\test\ESDBox_IPGUI\core\gfx\ipgui_mask_buf.c", "C", 0, 31, 0, 0, 0, 0, 0, 6, 37
"m:\test\ESDBox_IPGUI\core\gfx\ipgui_mask_buf.h", "C++", 0, 0, 6, 0, 0, 0, 2, 4, 12
"m:\test\ESDBox_IPGUI\core\gfx\ipgui_mask_gradient.c", "C", 0, 303, 0, 0, 0, 0, 9, 55, 367
"m:\test\ESDBox_IPGUI\core\gfx\ipgui_mask_gradient.h", "C++", 0, 0, 93, 0, 0, 0, 25, 30, 148
"m:\test\ESDBox_IPGUI\core\gfx\ipgui_ring_mask.c", "C", 0, 632, 0, 0, 0, 0, 49, 101, 782
"m:\test\ESDBox_IPGUI\core\gfx\ipgui_ring_mask.h", "C++", 0, 0, 34, 0, 0, 0, 1, 8, 43
"m:\test\ESDBox_IPGUI\core\gfx\readme.md", "Markdown", 0, 0, 0, 0, 0, 53, 0, 14, 67
"m:\test\ESDBox_IPGUI\core\image\decoder\bmp\ipgui_bmp_dec.c", "C", 0, 434, 0, 0, 0, 0, 133, 93, 660
"m:\test\ESDBox_IPGUI\core\image\decoder\bmp\ipgui_bmp_dec.h", "C++", 0, 0, 0, 0, 0, 0, 0, 1, 1
"m:\test\ESDBox_IPGUI\core\image\decoder\gif\ipgui_gif.h", "C++", 0, 0, 0, 0, 0, 0, 0, 1, 1
"m:\test\ESDBox_IPGUI\core\image\decoder\gif\ipgui_gif_dec.c", "C", 0, 0, 0, 0, 0, 0, 0, 1, 1
"m:\test\ESDBox_IPGUI\core\image\decoder\gif\ipgui_gif_enc.c", "C", 0, 0, 0, 0, 0, 0, 0, 1, 1
"m:\test\ESDBox_IPGUI\core\image\decoder\ipgui_image_dec.c", "C", 0, 38, 0, 0, 0, 0, 3, 7, 48
"m:\test\ESDBox_IPGUI\core\image\decoder\ipgui_image_dec.h", "C++", 0, 0, 38, 0, 0, 0, 2, 9, 49
"m:\test\ESDBox_IPGUI\core\image\decoder\jpeg\ipgui_jpeg.c", "C", 0, 789, 0, 0, 0, 0, 54, 94, 937
"m:\test\ESDBox_IPGUI\core\image\decoder\jpeg\ipgui_jpeg.h", "C++", 0, 0, 0, 0, 0, 0, 0, 1, 1
"m:\test\ESDBox_IPGUI\core\image\decoder\png\ipgui_inflate.c", "C", 0, 253, 0, 0, 0, 0, 24, 54, 331
"m:\test\ESDBox_IPGUI\core\image\decoder\png\ipgui_png_dec.c", "C", 0, 189, 0, 0, 0, 0, 15, 32, 236
"m:\test\ESDBox_IPGUI\core\image\decoder\png\ipgui_png_dec.h", "C++", 0, 0, 38, 0, 0, 0, 6, 13, 57
"m:\test\ESDBox_IPGUI\core\image\decoder\png\ipgui_png_filter.c", "C", 0, 301, 0, 0, 0, 0, 29, 50, 380
"m:\test\ESDBox_IPGUI\core\image\decoder\qoi\ipgui_qoi.h", "C++", 0, 0, 0, 0, 0, 0, 0, 1, 1
"m:\test\ESDBox_IPGUI\core\image\decoder\qoi\ipgui_qoi_dec.c", "C", 0, 0, 0, 0, 0, 0, 0, 1, 1
"m:\test\ESDBox_IPGUI\core\image\decoder\qoi\ipgui_qoi_enc.c", "C", 0, 0, 0, 0, 0, 0, 0, 1, 1
"m:\test\ESDBox_IPGUI\core\image\ipgui_image.c", "C", 0, 0, 0, 0, 0, 0, 0, 1, 1
"m:\test\ESDBox_IPGUI\core\image\ipgui_image.h", "C", 0, 16, 0, 0, 0, 0, 0, 6, 22
"m:\test\ESDBox_IPGUI\core\image\proc\ipgui_image_enhance.c", "C", 0, 0, 0, 0, 0, 0, 0, 1, 1
"m:\test\ESDBox_IPGUI\core\image\proc\ipgui_image_geometry_transform.c", "C", 0, 411, 0, 0, 0, 0, 96, 62, 569
"m:\test\ESDBox_IPGUI\core\image\proc\ipgui_image_geometry_transform.h", "C++", 0, 0, 31, 0, 0, 0, 4, 6, 41
"m:\test\ESDBox_IPGUI\core\image\show\ipgui_image_ras.c", "C", 0, 0, 0, 0, 0, 0, 68, 13, 81
"m:\test\ESDBox_IPGUI\core\image\show\ipgui_image_ras.h", "C++", 0, 0, 36, 0, 0, 0, 6, 10, 52
"m:\test\ESDBox_IPGUI\core\image\show\ipgui_image_ras_ori_mode..c", "C", 0, 1, 0, 0, 0, 0, 0, 2, 3
"m:\test\ESDBox_IPGUI\core\misc\ipgui_angle.h", "C++", 0, 0, 22, 0, 0, 0, 19, 8, 49
"m:\test\ESDBox_IPGUI\core\misc\ipgui_graphic2.h", "C", 0, 6, 0, 0, 0, 0, 14, 3, 23
"m:\test\ESDBox_IPGUI\core\misc\ipgui_lcd_pix_fmt.h", "C++", 0, 0, 14, 0, 0, 0, 11, 6, 31
"m:\test\ESDBox_IPGUI\core\misc\ipgui_line_clip.c", "C", 0, 106, 0, 0, 0, 0, 23, 16, 145
"m:\test\ESDBox_IPGUI\core\misc\ipgui_line_clip.h", "C++", 0, 0, 15, 0, 0, 0, 0, 4, 19
"m:\test\ESDBox_IPGUI\core\misc\ipgui_pattle.h", "C", 0, 541, 0, 0, 0, 0, 0, 5, 546
"m:\test\ESDBox_IPGUI\core\misc\ipgui_prim.c", "C", 0, 174, 0, 0, 0, 0, 27, 36, 237
"m:\test\ESDBox_IPGUI\core\misc\ipgui_prim.h", "C", 0, 93, 0, 0, 0, 0, 1, 24, 118
"m:\test\ESDBox_IPGUI\core\ui\test\test_dirty_rect..c", "C", 0, 260, 0, 0, 0, 0, 134, 47, 441
"m:\test\ESDBox_IPGUI\core\ui\test\test_widget_tree.c", "C", 0, 89, 0, 0, 0, 0, 1, 17, 107
"m:\test\ESDBox_IPGUI\core\ui\widget_manager\ipgui_dirty_rect.c", "C", 0, 193, 0, 0, 0, 0, 38, 25, 256
"m:\test\ESDBox_IPGUI\core\ui\widget_manager\ipgui_dirty_rect.h", "C++", 0, 0, 31, 0, 0, 0, 10, 8, 49
"m:\test\ESDBox_IPGUI\core\ui\widget_manager\ipgui_widget.c", "C", 0, 339, 0, 0, 0, 0, 115, 75, 529
"m:\test\ESDBox_IPGUI\core\ui\widget_manager\ipgui_widget.h", "C", 0, 101, 0, 0, 0, 0, 9, 29, 139
"m:\test\ESDBox_IPGUI\core\ui\widget_manager\ipgui_widget_draw.c", "C", 0, 1, 0, 0, 0, 0, 5, 2, 8
"m:\test\ESDBox_IPGUI\core\ui\widget_manager\ipgui_widget_draw.h", "C++", 0, 0, 5, 0, 0, 0, 0, 4, 9
"m:\test\ESDBox_IPGUI\core\ui\widget_manager\ipgui_widget_event.c", "C", 0, 0, 0, 0, 0, 0, 33, 2, 35
"m:\test\ESDBox_IPGUI\core\ui\widget_manager\ipgui_widget_evt.h", "C++", 0, 0, 33, 0, 0, 0, 4, 8, 45
"m:\test\ESDBox_IPGUI\core\ui\widget_manager\ipgui_widget_geometry.c", "C", 0, 4, 0, 0, 0, 0, 9, 2, 15
"m:\test\ESDBox_IPGUI\core\ui\widget_manager\ipgui_widget_geometry.h", "C++", 0, 0, 19, 0, 0, 0, 4, 6, 29
"m:\test\ESDBox_IPGUI\core\ui\widget_manager\ipgui_widget_layout.c", "C", 0, 2, 0, 0, 0, 0, 17, 2, 21
"m:\test\ESDBox_IPGUI\core\ui\widget_manager\ipgui_widget_ref.c", "C", 0, 0, 0, 0, 0, 0, 5, 0, 5
"m:\test\ESDBox_IPGUI\core\ui\widget_manager\ipgui_widget_render.c", "C", 0, 29, 0, 0, 0, 0, 17, 15, 61
"m:\test\ESDBox_IPGUI\core\ui\widget_manager\ipgui_widget_render.h", "C++", 0, 0, 5, 0, 0, 0, 0, 2, 7
"m:\test\ESDBox_IPGUI\core\ui\widget_manager\ipgui_widget_state.c", "C", 0, 0, 0, 0, 0, 0, 235, 33, 268
"m:\test\ESDBox_IPGUI\core\ui\widget_manager\ipgui_widget_state.h", "C++", 0, 0, 0, 0, 0, 0, 159, 30, 189
"m:\test\ESDBox_IPGUI\core\ui\widget_manager\ipgui_widget_style.c", "C", 0, 0, 0, 0, 0, 0, 673, 57, 730
"m:\test\ESDBox_IPGUI\core\ui\widget_manager\ipgui_widget_style.h", "C++", 0, 0, 7, 0, 0, 0, 319, 66, 392
"m:\test\ESDBox_IPGUI\core\ui\widget_manager\ipgui_widget_temp.c", "C", 0, 10, 0, 0, 0, 0, 8, 5, 23
"m:\test\ESDBox_IPGUI\core\ui\widget_manager\ipgui_widget_temp.h", "C++", 0, 0, 7, 0, 0, 0, 0, 4, 11
"m:\test\ESDBox_IPGUI\core\ui\widget_manager\ipgui_widget_tree.c", "C", 0, 223, 0, 0, 0, 0, 37, 37, 297
"m:\test\ESDBox_IPGUI\core\ui\widget_manager\ipgui_widget_tree.h", "C++", 0, 0, 31, 0, 0, 0, 0, 6, 37
"m:\test\ESDBox_IPGUI\core\vector_render\ipgui_curve.c", "C", 0, 115, 0, 0, 0, 0, 50, 28, 193
"m:\test\ESDBox_IPGUI\core\vector_render\ipgui_curve.h", "C", 0, 20, 0, 0, 0, 0, 0, 3, 23
"m:\test\ESDBox_IPGUI\core\vector_render\ipgui_path.c", "C", 0, 156, 0, 0, 0, 0, 268, 62, 486
"m:\test\ESDBox_IPGUI\core\vector_render\ipgui_path.h", "C", 0, 57, 0, 0, 0, 0, 12, 11, 80
"m:\test\ESDBox_IPGUI\core\vector_render\ipgui_stroker.c", "C", 0, 96, 0, 0, 0, 0, 48, 34, 178
"m:\test\ESDBox_IPGUI\core\vector_render\ipgui_stroker.h", "C", 0, 38, 0, 0, 0, 0, 23, 8, 69
"m:\test\ESDBox_IPGUI\core\vector_render\ipgui_transform.c", "C", 0, 151, 0, 0, 0, 0, 41, 38, 230
"m:\test\ESDBox_IPGUI\core\vector_render\ipgui_transform.h", "C", 0, 26, 0, 0, 0, 0, 0, 7, 33
"m:\test\ESDBox_IPGUI\examples\ipgui_widget_plane_and_traverse.c", "C", 0, 0, 0, 0, 0, 0, 38, 2, 40
"m:\test\ESDBox_IPGUI\examples\test_binary_heap.c", "C", 0, 44, 0, 0, 0, 0, 1, 1, 46
"m:\test\ESDBox_IPGUI\examples\test_darray.c", "C", 0, 48, 0, 0, 0, 0, 3, 1, 52
"m:\test\ESDBox_IPGUI\examples\test_hzk16_仿宋_点阵.c", "C", 0, 34, 0, 0, 0, 0, 3, 6, 43
"m:\test\ESDBox_IPGUI\examples\test_input_event.c", "C", 0, 33, 0, 0, 0, 0, 1, 3, 37
"m:\test\ESDBox_IPGUI\examples\test_membox.c", "C", 0, 15, 0, 0, 0, 0, 0, 1, 16
"m:\test\ESDBox_IPGUI\examples\test_memory.c", "C", 0, 97, 0, 0, 0, 0, 0, 23, 120
"m:\test\ESDBox_IPGUI\examples\test_prim.c", "C", 0, 19, 0, 0, 0, 0, 0, 0, 19
"m:\test\ESDBox_IPGUI\examples\test_queue.c", "C", 0, 47, 0, 0, 0, 0, 10, 2, 59
"m:\test\ESDBox_IPGUI\examples\test_timer.c", "C", 0, 45, 0, 0, 0, 0, 0, 6, 51
"m:\test\ESDBox_IPGUI\examples\test_vfs_windows.c", "C", 0, 21, 0, 0, 0, 0, 1, 0, 22
"m:\test\ESDBox_IPGUI\font\ipgui_quicksan.c", "C", 0, 1, 0, 0, 0, 0, 0, 0, 1
"m:\test\ESDBox_IPGUI\font\ipgui_ttf.c", "C", 0, 16, 0, 0, 0, 0, 1, 5, 22
"m:\test\ESDBox_IPGUI\font\ipgui_ttf.h", "C++", 0, 0, 0, 0, 0, 0, 0, 1, 1
"m:\test\ESDBox_IPGUI\font\ipgui_typeface.c", "C", 0, 2, 0, 0, 0, 0, 0, 2, 4
"m:\test\ESDBox_IPGUI\font\ipgui_typeface.h", "C++", 0, 0, 38, 0, 0, 0, 4, 12, 54
"m:\test\ESDBox_IPGUI\font\ipgui_unicode_ex.c", "C", 0, 0, 0, 0, 0, 0, 0, 1, 1
"m:\test\ESDBox_IPGUI\font\opensans\open_sans.h", "C++", 0, 0, 50, 0, 0, 0, 0, 4, 54
"m:\test\ESDBox_IPGUI\font\opensans\open_sans_10px.c", "C", 0, 2266, 0, 0, 0, 0, 1220, 262, 3748
"m:\test\ESDBox_IPGUI\font\opensans\open_sans_11px.c", "C", 0, 2392, 0, 0, 0, 0, 1346, 262, 4000
"m:\test\ESDBox_IPGUI\font\opensans\open_sans_12px.c", "C", 0, 2484, 0, 0, 0, 0, 1438, 262, 4184
"m:\test\ESDBox_IPGUI\font\opensans\open_sans_13px.c", "C", 0, 2513, 0, 0, 0, 0, 1467, 262, 4242
"m:\test\ESDBox_IPGUI\font\opensans\open_sans_14px.c", "C", 0, 2633, 0, 0, 0, 0, 1587, 262, 4482
"m:\test\ESDBox_IPGUI\font\opensans\open_sans_15px.c", "C", 0, 2737, 0, 0, 0, 0, 1691, 262, 4690
"m:\test\ESDBox_IPGUI\font\opensans\open_sans_16px.c", "C", 0, 2830, 0, 0, 0, 0, 1784, 262, 4876
"m:\test\ESDBox_IPGUI\font\opensans\open_sans_17px.c", "C", 0, 2867, 0, 0, 0, 0, 1821, 262, 4950
"m:\test\ESDBox_IPGUI\font\opensans\open_sans_18px.c", "C", 0, 2986, 0, 0, 0, 0, 1940, 262, 5188
"m:\test\ESDBox_IPGUI\font\opensans\open_sans_19px.c", "C", 0, 3092, 0, 0, 0, 0, 2046, 262, 5400
"m:\test\ESDBox_IPGUI\font\opensans\open_sans_20px.c", "C", 0, 3117, 0, 0, 0, 0, 2071, 262, 5450
"m:\test\ESDBox_IPGUI\font\opensans\open_sans_21px.c", "C", 0, 3233, 0, 0, 0, 0, 2187, 262, 5682
"m:\test\ESDBox_IPGUI\font\opensans\open_sans_22px.c", "C", 0, 3329, 0, 0, 0, 0, 2283, 262, 5874
"m:\test\ESDBox_IPGUI\font\opensans\open_sans_23px.c", "C", 0, 3426, 0, 0, 0, 0, 2380, 262, 6068
"m:\test\ESDBox_IPGUI\font\opensans\open_sans_24px.c", "C", 0, 3465, 0, 0, 0, 0, 2419, 262, 6146
"m:\test\ESDBox_IPGUI\font\opensans\open_sans_25px.c", "C", 0, 3557, 0, 0, 0, 0, 2511, 262, 6330
"m:\test\ESDBox_IPGUI\font\opensans\open_sans_26px.c", "C", 0, 3678, 0, 0, 0, 0, 2632, 262, 6572
"m:\test\ESDBox_IPGUI\font\opensans\open_sans_27px.c", "C", 0, 3687, 0, 0, 0, 0, 2641, 262, 6590
"m:\test\ESDBox_IPGUI\font\opensans\open_sans_28px.c", "C", 0, 3810, 0, 0, 0, 0, 2764, 262, 6836
"m:\test\ESDBox_IPGUI\font\opensans\open_sans_29px.c", "C", 0, 3936, 0, 0, 0, 0, 2890, 262, 7088
"m:\test\ESDBox_IPGUI\font\opensans\open_sans_30px.c", "C", 0, 3946, 0, 0, 0, 0, 2900, 262, 7108
"m:\test\ESDBox_IPGUI\font\opensans\open_sans_31px.c", "C", 0, 4065, 0, 0, 0, 0, 3019, 262, 7346
"m:\test\ESDBox_IPGUI\font\opensans\open_sans_32px.c", "C", 0, 4156, 0, 0, 0, 0, 3110, 262, 7528
"m:\test\ESDBox_IPGUI\font\opensans\open_sans_33px.c", "C", 0, 4276, 0, 0, 0, 0, 3230, 262, 7768
"m:\test\ESDBox_IPGUI\font\opensans\open_sans_34px.c", "C", 0, 4310, 0, 0, 0, 0, 3264, 262, 7836
"m:\test\ESDBox_IPGUI\font\opensans\open_sans_35px.c", "C", 0, 4413, 0, 0, 0, 0, 3367, 262, 8042
"m:\test\ESDBox_IPGUI\font\opensans\open_sans_36px.c", "C", 0, 4505, 0, 0, 0, 0, 3459, 262, 8226
"m:\test\ESDBox_IPGUI\font\opensans\open_sans_37px.c", "C", 0, 4541, 0, 0, 0, 0, 3495, 262, 8298
"m:\test\ESDBox_IPGUI\font\opensans\open_sans_38px.c", "C", 0, 4660, 0, 0, 0, 0, 3614, 262, 8536
"m:\test\ESDBox_IPGUI\font\opensans\open_sans_39px.c", "C", 0, 4756, 0, 0, 0, 0, 3710, 262, 8728
"m:\test\ESDBox_IPGUI\font\opensans\open_sans_40px.c", "C", 0, 4848, 0, 0, 0, 0, 3802, 262, 8912
"m:\test\ESDBox_IPGUI\font\opensans\open_sans_41px.c", "C", 0, 4887, 0, 0, 0, 0, 3841, 262, 8990
"m:\test\ESDBox_IPGUI\font\opensans\open_sans_42px.c", "C", 0, 5008, 0, 0, 0, 0, 3962, 262, 9232
"m:\test\ESDBox_IPGUI\font\opensans\open_sans_43px.c", "C", 0, 5106, 0, 0, 0, 0, 4060, 262, 9428
"m:\test\ESDBox_IPGUI\font\opensans\open_sans_44px.c", "C", 0, 5138, 0, 0, 0, 0, 4092, 262, 9492
"m:\test\ESDBox_IPGUI\font\opensans\open_sans_45px.c", "C", 0, 5234, 0, 0, 0, 0, 4188, 262, 9684
"m:\test\ESDBox_IPGUI\font\opensans\open_sans_46px.c", "C", 0, 5353, 0, 0, 0, 0, 4307, 262, 9922
"m:\test\ESDBox_IPGUI\font\opensans\open_sans_47px.c", "C", 0, 5450, 0, 0, 0, 0, 4404, 262, 10116
"m:\test\ESDBox_IPGUI\font\opensans\open_sans_48px.c", "C", 0, 5488, 0, 0, 0, 0, 4442, 262, 10192
"m:\test\ESDBox_IPGUI\font\opensans\open_sans_49px.c", "C", 0, 5584, 0, 0, 0, 0, 4538, 262, 10384
"m:\test\ESDBox_IPGUI\font\opensans\open_sans_50px.c", "C", 0, 5705, 0, 0, 0, 0, 4659, 262, 10626
"m:\test\ESDBox_IPGUI\font\opensans\open_sans_5px.c", "C", 0, 1951, 0, 0, 0, 0, 905, 262, 3118
"m:\test\ESDBox_IPGUI\font\opensans\open_sans_6px.c", "C", 0, 2071, 0, 0, 0, 0, 1025, 262, 3358
"m:\test\ESDBox_IPGUI\font\opensans\open_sans_7px.c", "C", 0, 2108, 0, 0, 0, 0, 1062, 262, 3432
"m:\test\ESDBox_IPGUI\font\opensans\open_sans_8px.c", "C", 0, 2209, 0, 0, 0, 0, 1163, 262, 3634
"m:\test\ESDBox_IPGUI\font\opensans\open_sans_9px.c", "C", 0, 2218, 0, 0, 0, 0, 1172, 262, 3652
"m:\test\ESDBox_IPGUI\ipgui_check.h", "C++", 0, 0, 4, 0, 0, 0, 0, 2, 6
"m:\test\ESDBox_IPGUI\ipgui_conf.h", "C", 0, 54, 0, 0, 0, 0, 8, 21, 83
"m:\test\ESDBox_IPGUI\ipgui_core.c", "C", 0, 27, 0, 0, 0, 0, 0, 4, 31
"m:\test\ESDBox_IPGUI\ipgui_core.h", "C", 0, 28, 0, 0, 0, 0, 28, 14, 70
"m:\test\ESDBox_IPGUI\port\sdl\include\SDL2\SDL.h", "C++", 0, 0, 63, 0, 0, 0, 155, 16, 234
"m:\test\ESDBox_IPGUI\port\sdl\include\SDL2\SDL_assert.h", "C++", 0, 0, 130, 0, 0, 0, 163, 30, 323
"m:\test\ESDBox_IPGUI\port\sdl\include\SDL2\SDL_atomic.h", "C++", 0, 0, 106, 0, 0, 0, 276, 33, 415
"m:\test\ESDBox_IPGUI\port\sdl\include\SDL2\SDL_audio.h", "C++", 0, 0, 181, 0, 0, 0, 1242, 78, 1501
"m:\test\ESDBox_IPGUI\port\sdl\include\SDL2\SDL_bits.h", "C++", 0, 0, 66, 0, 0, 0, 45, 16, 127
"m:\test\ESDBox_IPGUI\port\sdl\include\SDL2\SDL_blendmode.h", "C++", 0, 0, 47, 0, 0, 0, 139, 13, 199
"m:\test\ESDBox_IPGUI\port\sdl\include\SDL2\SDL_clipboard.h", "C++", 0, 0, 18, 0, 0, 0, 108, 16, 142
"m:\test\ESDBox_IPGUI\port\sdl\include\SDL2\SDL_config.h", "C++", 0, 0, 254, 0, 0, 0, 52, 28, 334
"m:\test\ESDBox_IPGUI\port\sdl\include\SDL2\SDL_copying.h", "C++", 0, 0, 0, 0, 0, 0, 20, 1, 21
"m:\test\ESDBox_IPGUI\port\sdl\include\SDL2\SDL_cpuinfo.h", "C++", 0, 0, 119, 0, 0, 0, 439, 37, 595
"m:\test\ESDBox_IPGUI\port\sdl\include\SDL2\SDL_egl.h", "C++", 0, 0, 1810, 0, 0, 0, 277, 266, 2353
"m:\test\ESDBox_IPGUI\port\sdl\include\SDL2\SDL_endian.h", "C++", 0, 0, 270, 0, 0, 0, 52, 27, 349
"m:\test\ESDBox_IPGUI\port\sdl\include\SDL2\SDL_error.h", "C++", 0, 0, 30, 0, 0, 0, 119, 15, 164
"m:\test\ESDBox_IPGUI\port\sdl\include\SDL2\SDL_events.h", "C++", 0, 0, 453, 0, 0, 0, 613, 94, 1160
"m:\test\ESDBox_IPGUI\port\sdl\include\SDL2\SDL_filesystem.h", "C++", 0, 0, 14, 0, 0, 0, 125, 11, 150
"m:\test\ESDBox_IPGUI\port\sdl\include\SDL2\SDL_gamecontroller.h", "C++", 0, 0, 160, 0, 0, 0, 857, 80, 1097
"m:\test\ESDBox_IPGUI\port\sdl\include\SDL2\SDL_gesture.h", "C++", 0, 0, 20, 0, 0, 0, 80, 18, 118
"m:\test\ESDBox_IPGUI\port\sdl\include\SDL2\SDL_guid.h", "C++", 0, 0, 18, 0, 0, 0, 71, 12, 101
"m:\test\ESDBox_IPGUI\port\sdl\include\SDL2\SDL_haptic.h", "C++", 0, 0, 182, 0, 0, 0, 1054, 106, 1342
"m:\test\ESDBox_IPGUI\port\sdl\include\SDL2\SDL_hidapi.h", "C++", 0, 0, 50, 0, 0, 0, 370, 32, 452
"m:\test\ESDBox_IPGUI\port\sdl\include\SDL2\SDL_hints.h", "C++", 0, 0, 232, 0, 0, 0, 2442, 220, 2894
"m:\test\ESDBox_IPGUI\port\sdl\include\SDL2\SDL_joystick.h", "C++", 0, 0, 145, 0, 0, 0, 848, 82, 1075
"m:\test\ESDBox_IPGUI\port\sdl\include\SDL2\SDL_keyboard.h", "C++", 0, 0, 41, 0, 0, 0, 286, 29, 356
"m:\test\ESDBox_IPGUI\port\sdl\include\SDL2\SDL_keycode.h", "C++", 0, 0, 288, 0, 0, 0, 43, 28, 359
"m:\test\ESDBox_IPGUI\port\sdl\include\SDL2\SDL_loadso.h", "C++", 0, 0, 17, 0, 0, 0, 88, 11, 116
"m:\test\ESDBox_IPGUI\port\sdl\include\SDL2\SDL_locale.h", "C++", 0, 0, 19, 0, 0, 0, 74, 11, 104
"m:\test\ESDBox_IPGUI\port\sdl\include\SDL2\SDL_log.h", "C++", 0, 0, 67, 0, 0, 0, 306, 32, 405
"m:\test\ESDBox_IPGUI\port\sdl\include\SDL2\SDL_main.h", "C++", 0, 0, 60, 0, 0, 0, 182, 41, 283
"m:\test\ESDBox_IPGUI\port\sdl\include\SDL2\SDL_messagebox.h", "C++", 0, 0, 61, 0, 0, 0, 114, 19, 194
"m:\test\ESDBox_IPGUI\port\sdl\include\SDL2\SDL_metal.h", "C++", 0, 0, 19, 0, 0, 0, 81, 14, 114
"m:\test\ESDBox_IPGUI\port\sdl\include\SDL2\SDL_misc.h", "C++", 0, 0, 13, 0, 0, 0, 57, 10, 80
"m:\test\ESDBox_IPGUI\port\sdl\include\SDL2\SDL_mouse.h", "C++", 0, 0, 70, 0, 0, 0, 365, 30, 465
"m:\test\ESDBox_IPGUI\port\sdl\include\SDL2\SDL_mutex.h", "C++", 0, 0, 91, 0, 0, 0, 391, 64, 546
"m:\test\ESDBox_IPGUI\port\sdl\include\SDL2\SDL_name.h", "C++", 0, 0, 7, 0, 0, 0, 21, 6, 34
"m:\test\ESDBox_IPGUI\port\sdl\include\SDL2\SDL_opengl.h", "C++", 0, 0, 1526, 0, 0, 0, 186, 421, 2133
"m:\test\ESDBox_IPGUI\port\sdl\include\SDL2\SDL_opengl_glext.h", "C++", 0, 0, 12354, 0, 0, 0, 187, 673, 13214
"m:\test\ESDBox_IPGUI\port\sdl\include\SDL2\SDL_opengles.h", "C++", 0, 0, 11, 0, 0, 0, 25, 4, 40
"m:\test\ESDBox_IPGUI\port\sdl\include\SDL2\SDL_opengles2.h", "C++", 0, 0, 19, 0, 0, 0, 26, 8, 53
"m:\test\ESDBox_IPGUI\port\sdl\include\SDL2\SDL_opengles2_gl2.h", "C++", 0, 0, 625, 0, 0, 0, 21, 11, 657
"m:\test\ESDBox_IPGUI\port\sdl\include\SDL2\SDL_opengles2_gl2ext.h", "C++", 0, 0, 3694, 0, 0, 0, 19, 321, 4034
"m:\test\ESDBox_IPGUI\port\sdl\include\SDL2\SDL_opengles2_gl2platform.h", "C++", 0, 0, 9, 0, 0, 0, 12, 7, 28
"m:\test\ESDBox_IPGUI\port\sdl\include\SDL2\SDL_opengles2_khrplatform.h", "C++", 0, 0, 117, 0, 0, 0, 165, 30, 312
"m:\test\ESDBox_IPGUI\port\sdl\include\SDL2\SDL_pixels.h", "C++", 0, 0, 330, 0, 0, 0, 289, 44, 663
"m:\test\ESDBox_IPGUI\port\sdl\include\SDL2\SDL_platform.h", "C++", 0, 0, 196, 0, 0, 0, 58, 22, 276
"m:\test\ESDBox_IPGUI\port\sdl\include\SDL2\SDL_power.h", "C++", 0, 0, 21, 0, 0, 0, 57, 10, 88
"m:\test\ESDBox_IPGUI\port\sdl\include\SDL2\SDL_quit.h", "C++", 0, 0, 7, 0, 0, 0, 44, 8, 59
"m:\test\ESDBox_IPGUI\port\sdl\include\SDL2\SDL_rect.h", "C++", 0, 0, 105, 0, 0, 0, 238, 34, 377
"m:\test\ESDBox_IPGUI\port\sdl\include\SDL2\SDL_render.h", "C++", 0, 0, 251, 0, 0, 0, 1569, 105, 1925
"m:\test\ESDBox_IPGUI\port\sdl\include\SDL2\SDL_revision.h", "C++", 0, 0, 6, 0, 0, 0, 1, 2, 9
"m:\test\ESDBox_IPGUI\port\sdl\include\SDL2\SDL_rwops.h", "C++", 0, 0, 118, 0, 0, 0, 669, 55, 842
"m:\test\ESDBox_IPGUI\port\sdl\include\SDL2\SDL_scancode.h", "C++", 0, 0, 260, 0, 0, 0, 141, 38, 439
"m:\test\ESDBox_IPGUI\port\sdl\include\SDL2\SDL_sensor.h", "C++", 0, 0, 45, 0, 0, 0, 246, 32, 323
"m:\test\ESDBox_IPGUI\port\sdl\include\SDL2\SDL_shape.h", "C++", 0, 0, 38, 0, 0, 0, 102, 16, 156
"m:\test\ESDBox_IPGUI\port\sdl\include\SDL2\SDL_stdinc.h", "C++", 0, 0, 602, 0, 0, 0, 169, 77, 848
"m:\test\ESDBox_IPGUI\port\sdl\include\SDL2\SDL_surface.h", "C++", 0, 0, 144, 0, 0, 0, 785, 69, 998
"m:\test\ESDBox_IPGUI\port\sdl\include\SDL2\SDL_system.h", "C++", 0, 0, 95, 0, 0, 0, 469, 75, 639
"m:\test\ESDBox_IPGUI\port\sdl\include\SDL2\SDL_syswm.h", "C++", 0, 0, 272, 0, 0, 0, 77, 38, 387
"m:\test\ESDBox_IPGUI\port\sdl\include\SDL2\SDL_test.h", "C++", 0, 0, 25, 0, 0, 0, 35, 10, 70
"m:\test\ESDBox_IPGUI\port\sdl\include\SDL2\SDL_test_assert.h", "C++", 0, 0, 19, 0, 0, 0, 70, 17, 106
"m:\test\ESDBox_IPGUI\port\sdl\include\SDL2\SDL_test_common.h", "C++", 0, 0, 93, 0, 0, 0, 115, 29, 237
"m:\test\ESDBox_IPGUI\port\sdl\include\SDL2\SDL_test_compare.h", "C++", 0, 0, 14, 0, 0, 0, 44, 12, 70
"m:\test\ESDBox_IPGUI\port\sdl\include\SDL2\SDL_test_crc32.h", "C++", 0, 0, 31, 0, 0, 0, 71, 23, 125
"m:\test\ESDBox_IPGUI\port\sdl\include\SDL2\SDL_test_font.h", "C++", 0, 0, 29, 0, 0, 0, 121, 19, 169
"m:\test\ESDBox_IPGUI\port\sdl\include\SDL2\SDL_test_fuzzer.h", "C++", 0, 0, 37, 0, 0, 0, 302, 48, 387
"m:\test\ESDBox_IPGUI\port\sdl\include\SDL2\SDL_test_harness.h", "C++", 0, 0, 39, 0, 0, 0, 75, 21, 135
"m:\test\ESDBox_IPGUI\port\sdl\include\SDL2\SDL_test_images.h", "C++", 0, 0, 29, 0, 0, 0, 39, 11, 79
"m:\test\ESDBox_IPGUI\port\sdl\include\SDL2\SDL_test_log.h", "C++", 0, 0, 13, 0, 0, 0, 45, 10, 68
"m:\test\ESDBox_IPGUI\port\sdl\include\SDL2\SDL_test_md5.h", "C++", 0, 0, 22, 0, 0, 0, 87, 21, 130
"m:\test\ESDBox_IPGUI\port\sdl\include\SDL2\SDL_test_memory.h", "C++", 0, 0, 13, 0, 0, 0, 40, 11, 64
"m:\test\ESDBox_IPGUI\port\sdl\include\SDL2\SDL_test_random.h", "C++", 0, 0, 23, 0, 0, 0, 75, 18, 116
"m:\test\ESDBox_IPGUI\port\sdl\include\SDL2\SDL_thread.h", "C++", 0, 0, 109, 0, 0, 0, 314, 42, 465
"m:\test\ESDBox_IPGUI\port\sdl\include\SDL2\SDL_timer.h", "C++", 0, 0, 25, 0, 0, 0, 179, 19, 223
"m:\test\ESDBox_IPGUI\port\sdl\include\SDL2\SDL_touch.h", "C++", 0, 0, 38, 0, 0, 0, 93, 20, 151
"m:\test\ESDBox_IPGUI\port\sdl\include\SDL2\SDL_types.h", "C++", 0, 0, 1, 0, 0, 0, 26, 3, 30
"m:\test\ESDBox_IPGUI\port\sdl\include\SDL2\SDL_version.h", "C++", 0, 0, 40, 0, 0, 0, 147, 18, 205
"m:\test\ESDBox_IPGUI\port\sdl\include\SDL2\SDL_video.h", "C++", 0, 0, 316, 0, 0, 0, 1739, 130, 2185
"m:\test\ESDBox_IPGUI\port\sdl\include\SDL2\SDL_vulkan.h", "C++", 0, 0, 41, 0, 0, 0, 158, 21, 220
"m:\test\ESDBox_IPGUI\port\sdl\include\SDL2\begin_code.h", "C++", 0, 0, 138, 0, 0, 0, 38, 14, 190
"m:\test\ESDBox_IPGUI\port\sdl\include\SDL2\close_code.h", "C++", 0, 0, 10, 0, 0, 0, 27, 4, 41
"m:\test\ESDBox_IPGUI\port\sdl\lib\cmake\SDL2\SDL2Config.cmake", "CMake", 0, 0, 0, 0, 82, 0, 0, 20, 102
"m:\test\ESDBox_IPGUI\port\sdl\lib\cmake\SDL2\SDL2ConfigVersion.cmake", "CMake", 0, 0, 0, 0, 38, 0, 0, 6, 44
"m:\test\ESDBox_IPGUI\port\sdl\lib\cmake\SDL2\SDL2Targets-release.cmake", "CMake", 0, 0, 0, 0, 15, 0, 0, 5, 20
"m:\test\ESDBox_IPGUI\port\sdl\lib\cmake\SDL2\SDL2Targets.cmake", "CMake", 0, 0, 0, 0, 98, 0, 0, 13, 111
"m:\test\ESDBox_IPGUI\port\sdl\lib\cmake\SDL2\SDL2mainTargets-release.cmake", "CMake", 0, 0, 0, 0, 15, 0, 0, 5, 20
"m:\test\ESDBox_IPGUI\port\sdl\lib\cmake\SDL2\SDL2mainTargets.cmake", "CMake", 0, 0, 0, 0, 97, 0, 0, 13, 110
"m:\test\ESDBox_IPGUI\port\sdl\lib\cmake\SDL2\SDL2staticTargets-release.cmake", "CMake", 0, 0, 0, 0, 15, 0, 0, 5, 20
"m:\test\ESDBox_IPGUI\port\sdl\lib\cmake\SDL2\SDL2staticTargets.cmake", "CMake", 0, 0, 0, 0, 99, 0, 0, 13, 112
"m:\test\ESDBox_IPGUI\port\sdl\lib\cmake\SDL2\SDL2testTargets-release.cmake", "CMake", 0, 0, 0, 0, 15, 0, 0, 5, 20
"m:\test\ESDBox_IPGUI\port\sdl\lib\cmake\SDL2\SDL2testTargets.cmake", "CMake", 0, 0, 0, 0, 96, 0, 0, 13, 109
"m:\test\ESDBox_IPGUI\port\sdl\lib\cmake\SDL2\sdlfind.cmake", "CMake", 0, 0, 0, 0, 8, 0, 0, 2, 10
"m:\test\ESDBox_IPGUI\port\sdl\sdl_draw.c", "C", 0, 76, 0, 0, 0, 0, 38, 18, 132
"m:\test\ESDBox_IPGUI\port\sdl\sdl_draw.h", "C", 0, 16, 0, 0, 0, 0, 0, 5, 21
"m:\test\ESDBox_IPGUI\port\sdl\sdl_input_event.c", "C", 0, 49, 0, 0, 0, 0, 2, 8, 59
"m:\test\ESDBox_IPGUI\port\sdl\sdl_input_event.h", "C", 0, 5, 0, 0, 0, 0, 0, 4, 9
"m:\test\ESDBox_IPGUI\scr_driver\imx6ull\elcdif.c", "C", 0, 141, 0, 0, 0, 0, 23, 37, 201
"m:\test\ESDBox_IPGUI\scr_driver\imx6ull\elcdif.h", "C++", 0, 0, 0, 0, 0, 0, 0, 1, 1
"m:\test\ESDBox_IPGUI\scr_driver\imx6ull\rgb.h", "C++", 0, 0, 20, 0, 0, 0, 0, 6, 26
"m:\test\ESDBox_IPGUI\scr_driver\stm32\stm32f4\dma2d.c", "C", 0, 3, 0, 0, 0, 0, 0, 2, 5
"m:\test\ESDBox_IPGUI\scr_driver\stm32\stm32f4\dma2d.h", "C++", 0, 0, 0, 0, 0, 0, 0, 1, 1
"m:\test\ESDBox_IPGUI\scr_driver\stm32\stm32f4\ipgui_cm4.h", "C", 0, 42, 0, 0, 0, 0, 0, 10, 52
"m:\test\ESDBox_IPGUI\scr_driver\stm32\stm32f4\stm32f429_39xx.c", "C", 0, 424, 0, 0, 0, 0, 160, 93, 677
"m:\test\ESDBox_IPGUI\scr_driver\stm32\stm32f4\stm32f429_39xx.h", "C++", 0, 0, 84, 0, 0, 0, 0, 9, 93
"m:\test\ESDBox_IPGUI\widget\inc\ipgui_button.h", "C", 0, 0, 0, 0, 0, 0, 0, 1, 1
"m:\test\ESDBox_IPGUI\widget\src\ipgui_button.c", "C", 0, 0, 0, 0, 0, 0, 0, 1, 1
"m:\test\Makefile", "Makefile", 140, 0, 0, 0, 0, 0, 31, 39, 210
"m:\test\ceshi.c", "C", 0, 0, 0, 0, 0, 0, 43, 0, 43
"m:\test\desktop.ini", "Ini", 0, 0, 0, 4, 0, 0, 0, 1, 5
"m:\test\elNET\apps\dns.c", "C", 0, 0, 0, 0, 0, 0, 0, 1, 1
"m:\test\elNET\apps\dns.h", "C++", 0, 0, 0, 0, 0, 0, 0, 1, 1
"m:\test\elNET\apps\i3e1588_ptp.c", "C", 0, 0, 0, 0, 0, 0, 1, 0, 1
"m:\test\elNET\apps\i3e1588_ptp.h", "C++", 0, 0, 0, 0, 0, 0, 0, 1, 1
"m:\test\elNET\apps\ping.c", "C", 0, 82, 0, 0, 0, 0, 2, 15, 99
"m:\test\elNET\apps\ping.h", "C", 0, 27, 0, 0, 0, 0, 2, 8, 37
"m:\test\elNET\apps\tftp.c", "C", 0, 43, 0, 0, 0, 0, 3, 2, 48
"m:\test\elNET\apps\tftp.h", "C++", 0, 0, 0, 0, 0, 0, 0, 1, 1
"m:\test\elNET\apps\udp_echo.c", "C", 0, 26, 0, 0, 0, 0, 1, 5, 32
"m:\test\elNET\apps\udp_echo.h", "C++", 0, 0, 0, 0, 0, 0, 0, 1, 1
"m:\test\elNET\components\cjson\cJSON.c", "C", 0, 597, 0, 0, 0, 0, 72, 82, 751
"m:\test\elNET\components\cjson\cJSON.h", "C", 0, 77, 0, 0, 0, 0, 46, 27, 150
"m:\test\elNET\components\threadpool\threadpool.c", "C", 0, 54, 0, 0, 0, 0, 33, 20, 107
"m:\test\elNET\components\threadpool\threadpool.h", "C++", 0, 0, 23, 0, 0, 0, 2, 7, 32
"m:\test\elNET\driver\ether\stm32\stm32f4xx\example.c", "C", 0, 149, 0, 0, 0, 0, 9, 27, 185
"m:\test\elNET\driver\ether\stm32\stm32f4xx\stm32f429xx.h", "C++", 0, 0, 6885, 0, 0, 0, 1026, 1104, 9015
"m:\test\elNET\driver\ether\stm32\stm32f4xx\stm32f4xx_eth.c", "C", 0, 260, 0, 0, 0, 0, 34, 89, 383
"m:\test\elNET\driver\ether\stm32\stm32f4xx\stm32f4xx_eth.h", "C", 0, 294, 0, 0, 0, 0, 46, 47, 387
"m:\test\elNET\driver\ether\stm32\stm32f4xx\stm32f4xx_gpio.h", "C", 0, 123, 0, 0, 0, 0, 10, 21, 154
"m:\test\elNET\driver\phy\lan8720a.c", "C", 0, 0, 0, 0, 0, 0, 0, 1, 1
"m:\test\elNET\driver\phy\mdio_sw.c", "C", 0, 0, 0, 0, 0, 0, 1, 0, 1
"m:\test\elNET\driver\phy\mdio_sw.h", "C++", 0, 0, 0, 0, 0, 0, 0, 1, 1
"m:\test\elNET\driver\phy\mii.h", "C", 0, 22, 0, 0, 0, 0, 25, 7, 54
"m:\test\elNET\driver\phy\phy.c", "C", 0, 54, 0, 0, 0, 0, 21, 27, 102
"m:\test\elNET\driver\phy\phy.h", "C", 0, 55, 0, 0, 0, 0, 11, 20, 86
"m:\test\elNET\el_nconfig.h", "C", 0, 118, 0, 0, 0, 0, 11, 37, 166
"m:\test\elNET\el_ndefs.h", "C", 0, 79, 0, 0, 0, 0, 14, 60, 153
"m:\test\elNET\elnet_demo.c", "C", 0, 0, 0, 0, 0, 0, 280, 30, 310
"m:\test\elNET\inc\async.h", "C", 0, 29, 0, 0, 0, 0, 0, 6, 35
"m:\test\elNET\inc\bsd_types.h", "C++", 0, 0, 6, 0, 0, 0, 0, 2, 8
"m:\test\elNET\inc\dbg.h", "C", 0, 14, 0, 0, 0, 0, 6, 7, 27
"m:\test\elNET\inc\defs.h", "C++", 0, 0, 24, 0, 0, 0, 10, 15, 49
"m:\test\elNET\inc\el_arp.h", "C", 0, 52, 0, 0, 0, 0, 0, 10, 62
"m:\test\elNET\inc\el_ether.h", "C", 0, 19, 0, 0, 0, 0, 0, 2, 21
"m:\test\elNET\inc\el_icmpv4.h", "C", 0, 54, 0, 0, 0, 0, 1, 7, 62
"m:\test\elNET\inc\el_icmpv6.h", "C++", 0, 0, 3, 0, 0, 0, 0, 3, 6
"m:\test\elNET\inc\el_igmp.h", "C", 0, 3, 0, 0, 0, 0, 0, 3, 6
"m:\test\elNET\inc\el_ipaddr.h", "C", 0, 5, 0, 0, 0, 0, 0, 3, 8
"m:\test\elNET\inc\el_ipv4.h", "C", 0, 95, 0, 0, 0, 0, 7, 13, 115
"m:\test\elNET\inc\el_ipv6.h", "C++", 0, 0, 0, 0, 0, 0, 0, 1, 1
"m:\test\elNET\inc\el_mempool.h", "C", 0, 25, 0, 0, 0, 0, 2, 7, 34
"m:\test\elNET\inc\el_nbuf.h", "C", 0, 75, 0, 0, 0, 0, 5, 12, 92
"m:\test\elNET\inc\el_netif.h", "C", 0, 70, 0, 0, 0, 0, 3, 14, 87
"m:\test\elNET\inc\el_nlist.h", "C", 0, 208, 0, 0, 0, 0, 214, 47, 469
"m:\test\elNET\inc\el_tcp.h", "C", 0, 91, 0, 0, 0, 0, 4, 14, 109
"m:\test\elNET\inc\el_udp.h", "C", 0, 41, 0, 0, 0, 0, 0, 8, 49
"m:\test\elNET\inc\elnet.h", "C", 0, 57, 0, 0, 0, 0, 1, 11, 69
"m:\test\elNET\inc\global.h", "C", 0, 65, 0, 0, 0, 0, 0, 5, 70
"m:\test\elNET\inc\hash.h", "C", 0, 57, 0, 0, 0, 0, 0, 5, 62
"m:\test\elNET\inc\lib.h", "C++", 0, 0, 7, 0, 0, 0, 2, 3, 12
"m:\test\elNET\inc\nmem.h", "C", 0, 35, 0, 0, 0, 0, 0, 11, 46
"m:\test\elNET\inc\queue.h", "C", 0, 36, 0, 0, 0, 0, 6, 10, 52
"m:\test\elNET\inc\sock.h", "C", 0, 28, 0, 0, 0, 0, 2, 7, 37
"m:\test\elNET\inc\socket.h", "C", 0, 42, 0, 0, 0, 0, 3, 9, 54
"m:\test\elNET\inc\timer.h", "C", 0, 31, 0, 0, 0, 0, 0, 7, 38
"m:\test\elNET\port\Include\Packet32.h", "C++", 0, 0, 178, 0, 0, 0, 226, 45, 449
"m:\test\elNET\port\Include\pcap-bpf.h", "C++", 0, 0, 1, 0, 0, 0, 43, 2, 46
"m:\test\elNET\port\Include\pcap-namedb.h", "C++", 0, 0, 1, 0, 0, 0, 38, 2, 41
"m:\test\elNET\port\Include\pcap.h", "C++", 0, 0, 1, 0, 0, 0, 41, 2, 44
"m:\test\elNET\port\Include\pcap\bluetooth.h", "C++", 0, 0, 11, 0, 0, 0, 40, 6, 57
"m:\test\elNET\port\Include\pcap\bpf.h", "C++", 0, 0, 102, 0, 0, 0, 170, 27, 299
"m:\test\elNET\port\Include\pcap\can_socketcan.h", "C++", 0, 0, 14, 0, 0, 0, 42, 6, 62
"m:\test\elNET\port\Include\pcap\compiler-tests.h", "C++", 0, 0, 48, 0, 0, 0, 127, 15, 190
"m:\test\elNET\port\Include\pcap\dlt.h", "C++", 0, 0, 259, 0, 0, 0, 1164, 164, 1587
"m:\test\elNET\port\Include\pcap\funcattrs.h", "C++", 0, 0, 101, 0, 0, 0, 228, 13, 342
"m:\test\elNET\port\Include\pcap\ipnet.h", "C++", 0, 0, 4, 0, 0, 0, 37, 3, 44
"m:\test\elNET\port\Include\pcap\namedb.h", "C++", 0, 0, 29, 0, 0, 0, 48, 8, 85
"m:\test\elNET\port\Include\pcap\nflog.h", "C++", 0, 0, 44, 0, 0, 0, 41, 10, 95
"m:\test\elNET\port\Include\pcap\pcap-inttypes.h", "C++", 0, 0, 24, 0, 0, 0, 73, 5, 102
"m:\test\elNET\port\Include\pcap\pcap.h", "C++", 0, 0, 442, 0, 0, 0, 603, 176, 1221
"m:\test\elNET\port\Include\pcap\sll.h", "C++", 0, 0, 32, 0, 0, 0, 107, 11, 150
"m:\test\elNET\port\Include\pcap\socket.h", "C", 0, 23, 0, 0, 0, 0, 55, 7, 85
"m:\test\elNET\port\Include\pcap\usb.h", "C++", 0, 0, 68, 0, 0, 0, 65, 11, 144
"m:\test\elNET\port\Include\pcap\vlan.h", "C++", 0, 0, 9, 0, 0, 0, 32, 6, 47
"m:\test\elNET\port\plat.c", "C", 0, 288, 0, 0, 0, 0, 30, 62, 380
"m:\test\elNET\port\plat.h", "C", 0, 184, 0, 0, 0, 0, 9, 49, 242
"m:\test\elNET\src\app_protocal\dhcp\el_dhcp.c", "C", 0, 0, 0, 0, 0, 0, 0, 1, 1
"m:\test\elNET\src\app_protocal\dhcp\el_dhcp.h", "C++", 0, 0, 0, 0, 0, 0, 0, 1, 1
"m:\test\elNET\src\app_protocal\dns\el_dns.c", "C", 0, 0, 0, 0, 0, 0, 0, 1, 1
"m:\test\elNET\src\app_protocal\dns\el_dns.h", "C++", 0, 0, 0, 0, 0, 0, 0, 1, 1
"m:\test\elNET\src\app_protocal\http\el_http.c", "C", 0, 0, 0, 0, 0, 0, 0, 1, 1
"m:\test\elNET\src\app_protocal\http\el_http.h", "C++", 0, 0, 0, 0, 0, 0, 0, 1, 1
"m:\test\elNET\src\app_protocal\mqtt\el_mqtt.c", "C", 0, 0, 0, 0, 0, 0, 0, 1, 1
"m:\test\elNET\src\app_protocal\mqtt\el_mqtt.h", "C++", 0, 0, 0, 0, 0, 0, 0, 1, 1
"m:\test\elNET\src\app_protocal\tftp\tftp.c", "C", 0, 60, 0, 0, 0, 0, 5, 19, 84
"m:\test\elNET\src\app_protocal\tftp\tftp.h", "C++", 0, 0, 4, 0, 0, 0, 0, 2, 6
"m:\test\elNET\src\async.c", "C", 0, 74, 0, 0, 0, 0, 41, 24, 139
"m:\test\elNET\src\bitmap.h", "C", 0, 109, 0, 0, 0, 0, 50, 32, 191
"m:\test\elNET\src\dbg.c", "C", 0, 213, 0, 0, 0, 0, 31, 23, 267
"m:\test\elNET\src\el_arp.c", "C", 0, 345, 0, 0, 0, 0, 138, 100, 583
"m:\test\elNET\src\el_ether.c", "C", 0, 113, 0, 0, 0, 0, 58, 28, 199
"m:\test\elNET\src\el_icmpv4.c", "C", 0, 93, 0, 0, 0, 0, 39, 26, 158
"m:\test\elNET\src\el_icmpv6.c", "C", 0, 1, 0, 0, 0, 0, 0, 0, 1
"m:\test\elNET\src\el_igmp.c", "C", 0, 1, 0, 0, 0, 0, 1, 2, 4
"m:\test\elNET\src\el_ipaddr.c", "C", 0, 61, 0, 0, 0, 0, 6, 11, 78
"m:\test\elNET\src\el_ipv4.c", "C", 0, 525, 0, 0, 0, 0, 123, 117, 765
"m:\test\elNET\src\el_ipv6.c", "C", 0, 0, 0, 0, 0, 0, 0, 1, 1
"m:\test\elNET\src\el_mempool.c", "C", 0, 126, 0, 0, 0, 0, 46, 41, 213
"m:\test\elNET\src\el_nbuf.c", "C", 0, 608, 0, 0, 0, 0, 126, 134, 868
"m:\test\elNET\src\el_netif.c", "C", 0, 301, 0, 0, 0, 0, 106, 65, 472
"m:\test\elNET\src\el_smlist.h", "C", 0, 45, 0, 0, 0, 0, 30, 11, 86
"m:\test\elNET\src\el_tcp.c", "C", 0, 212, 0, 0, 0, 0, 80, 73, 365
"m:\test\elNET\src\el_udp.c", "C", 0, 425, 0, 0, 0, 0, 76, 47, 548
"m:\test\elNET\src\elnet.c", "C", 0, 167, 0, 0, 0, 0, 47, 31, 245
"m:\test\elNET\src\global.c", "C", 0, 48, 0, 0, 0, 0, 56, 39, 143
"m:\test\elNET\src\hash.c", "C", 0, 378, 0, 0, 0, 0, 72, 57, 507
"m:\test\elNET\src\nmem.c", "C", 0, 306, 0, 0, 0, 0, 57, 74, 437
"m:\test\elNET\src\port_alloc.c", "C", 0, 24, 0, 0, 0, 0, 1, 6, 31
"m:\test\elNET\src\queue.c", "C", 0, 247, 0, 0, 0, 0, 76, 66, 389
"m:\test\elNET\src\sock.c", "C", 0, 0, 0, 0, 0, 0, 0, 1, 1
"m:\test\elNET\src\socket.c", "C", 0, 33, 0, 0, 0, 0, 87, 34, 154
"m:\test\elNET\src\statistic.c", "C", 0, 18, 0, 0, 0, 0, 0, 6, 24
"m:\test\elNET\src\timer.c", "C", 0, 97, 0, 0, 0, 0, 45, 28, 170
"m:\test\elNET\test\main.c", "C", 0, 45, 0, 0, 0, 0, 0, 12, 57
"m:\test\elNET\test\test_socket.c", "C", 0, 22, 0, 0, 0, 0, 3, 3, 28
"m:\test\main.c", "C", 0, 79, 0, 0, 0, 0, 3, 11, 93
"m:\test\main_test_gfx.c", "C", 0, 0, 0, 0, 0, 0, 670, 91, 761
"m:\test\net_example.c", "C", 0, 0, 0, 0, 0, 0, 280, 29, 309
"Total", "-", 198, 200909, 57727, 4, 578, 53, 160685, 24215, 444369